Gm02-GLYMA_01G168900@KRH76698-intron_8(9)	TAIR10-AT3G51120@AT3G51120.1-intron_8(10)
Gm02-GLYMA_01G158400@KRH76533-intron_9(24)	AGPv4-Zm00001d006307@Zm00001d006307_T002-intron_17(29)
Gm02-GLYMA_01G158400@KRH76533-intron_9(24)	TAIR10-AT4G35520@AT4G35520.2-intron_9(23)
Gm02-GLYMA_01G244400@KRH77960-intron_6(13)	TAIR10-AT3G43610@AT3G43610.2-intron_6(13),AGPv4-Zm00001d026103@Zm00001d026103_T003-intron_6(11)
Gm02-GLYMA_01G077400@KRH75311-intron_7(17)	TAIR10-AT3G01380@AT3G01380.2-intron_7(17),IRGSP-1.0-Os02g0581000@Os02t0581000-00-intron_7(8),AGPv4-Zm00001d016990@Zm00001d016990_T007-intron_7(17)
Gm02-GLYMA_01G207400@KRH77332-intron_2(9)	TAIR10-AT2G39810@AT2G39810.1-intron_2(9),IRGSP-1.0-Os03g0737200@Os03t0737200-01-intron_2(9),AGPv4-Zm00001d033927@Zm00001d033927_T004-intron_2(9)
Gm02-GLYMA_01G207400@KRH77332-intron_5(9)	TAIR10-AT2G39810@AT2G39810.1-intron_5(9),IRGSP-1.0-Os03g0737200@Os03t0737200-01-intron_5(9),AGPv4-Zm00001d033927@Zm00001d033927_T004-intron_5(9)
Gm02-GLYMA_01G203100@KRH77266-intron_11(16)	AGPv4-Zm00001d021301@Zm00001d021301_T002-intron_11(17)
Gm02-GLYMA_01G032100@KRH74623-intron_2(17)	AgamP4-AGAP008251@AGAP008251-RA-intron_2(13),UMD3.1-ENSBTAG00000002769@ENSBTAT00000065037-intron_2(22),CanFam3.1-ENSCAFG00000020205@ENSCAFT00000032187-intron_2(21),GRCz11-ENSDARG00000102394@ENSDART00000170714-intron_2(21),Galgal5-ENSGALG00000000848@ENSGALT00000001245-intron_2(21),GRCh38-ENSG00000166747@ENST00000393512-intron_2(22),Mmul_8.0.1-ENSMMUG00000010878@ENSMMUT00000015220-intron_2(22),monDom5-ENSMODG00000002407@ENSMODT00000002992-intron_2(22),GRCm38-ENSMUSG00000031731@ENSMUST00000093157-intron_2(22),IRGSP-1.0-Os06g0167100@Os06t0167100-01-intron_2(18),Pan_tro_3.0-ENSPTRG00000008327@ENSPTRT00000104292-intron_2(22),FUGU5-ENSTRUG00000017672@ENSTRUT00000045449-intron_2(21),TETRAODON8-ENSTNIG00000009339@ENSTNIT00000002539-intron_2(21),AGPv4-Zm00001d045195@Zm00001d045195_T002-intron_2(18)
Gm02-GLYMA_01G032100@KRH74623-intron_2(17)	AgamP4-AGAP008251@AGAP008251-RA-intron_2(13),Amel_4.5-GB49301@GB49301-RA-intron_4(14),UMD3.1-ENSBTAG00000002769@ENSBTAT00000065037-intron_2(22),CanFam3.1-ENSCAFG00000020205@ENSCAFT00000032187-intron_2(21),GRCz11-ENSDARG00000102394@ENSDART00000170714-intron_2(21),Galgal5-ENSGALG00000000848@ENSGALT00000001245-intron_2(21),GRCh38-ENSG00000166747@ENST00000393512-intron_2(22),Mmul_8.0.1-ENSMMUG00000010878@ENSMMUT00000015220-intron_2(22),monDom5-ENSMODG00000002407@ENSMODT00000002992-intron_2(22),GRCm38-ENSMUSG00000031731@ENSMUST00000093157-intron_2(22),IRGSP-1.0-Os06g0167100@Os06t0167100-01-intron_2(18),Pan_tro_3.0-ENSPTRG00000008327@ENSPTRT00000104292-intron_2(22),FUGU5-ENSTRUG00000017672@ENSTRUT00000045449-intron_2(21),TETRAODON8-ENSTNIG00000009339@ENSTNIT00000002539-intron_2(21)
Gm02-GLYMA_01G032100@KRH74623-intron_2(17)	TAIR10-AT1G60070@AT1G60070.2-intron_2(18),UMD3.1-ENSBTAG00000002769@ENSBTAT00000065037-intron_2(22),CanFam3.1-ENSCAFG00000020205@ENSCAFT00000032187-intron_2(21),GRCz11-ENSDARG00000102394@ENSDART00000170714-intron_2(21),Galgal5-ENSGALG00000000848@ENSGALT00000001245-intron_2(21),GRCh38-ENSG00000166747@ENST00000393512-intron_2(22),Mmul_8.0.1-ENSMMUG00000010878@ENSMMUT00000015220-intron_2(22),monDom5-ENSMODG00000002407@ENSMODT00000002992-intron_2(22),GRCm38-ENSMUSG00000031731@ENSMUST00000093157-intron_2(22),Pan_tro_3.0-ENSPTRG00000008327@ENSPTRT00000104292-intron_2(22),FUGU5-ENSTRUG00000017672@ENSTRUT00000045449-intron_2(21),TETRAODON8-ENSTNIG00000009339@ENSTNIT00000002539-intron_2(21),AGPv4-Zm00001d045195@Zm00001d045195_T002-intron_2(18)
Gm02-GLYMA_01G000900@KRH74123-intron_17(19)	IRGSP-1.0-Os02g0469200@Os02t0469200-02-intron_8(10)
Gm02-GLYMA_01G159400@KRH76548-intron_7(19)	AGPv4-Zm00001d016822@Zm00001d016822_T012-intron_6(18)
Gm02-GLYMA_01G159400@KRH76548-intron_7(19)	TAIR10-AT3G51460@AT3G51460.1-intron_7(19)
Gm02-GLYMA_01G138300@KRH76191-intron_13(15)	Amel_4.5-GB51973@GB51973-RA-intron_5(5),TAIR10-AT2G45240@AT2G45240.1-intron_13(14),IRGSP-1.0-Os10g0508400@Os10t0508400-01-intron_13(15),FUGU5-ENSTRUG00000008231@ENSTRUT00000020686-intron_7(8),JGI_4.2-ENSXETG00000009315@ENSXETT00000060323-intron_12(13),AGPv4-Zm00001d013892@Zm00001d013892_T004-intron_13(15)
Gm02-GLYMA_01G147700@KRH76351-intron_7(8)	TAIR10-AT5G48790@AT5G48790.1-intron_7(8)
Gm02-GLYMA_01G203800@KRH77278-intron_4(4)	TAIR10-AT5G47080@AT5G47080.1-intron_4(4)
Gm02-GLYMA_01G203800@KRH77278-intron_4(4)	AGPv4-Zm00001d021557@Zm00001d021557_T001-intron_4(4)
Gm02-GLYMA_01G200700@KRH77234-intron_2(5)	TAIR10-AT1G32400@AT1G32400.1-intron_2(5),AGPv4-Zm00001d030014@Zm00001d030014_T004-intron_2(5)
Gm02-GLYMA_01G149900@KRH76394-intron_1(1)	TAIR10-AT4G19150@AT4G19150.1-intron_1(1),IRGSP-1.0-Os10g0580700@Os10t0580700-01-intron_1(1),AGPv4-Zm00001d030167@Zm00001d030167_T002-intron_1(1)
Gm02-GLYMA_01G053200@KRH74942-intron_2(5)	IRGSP-1.0-Os07g0595800@Os07t0595800-01-intron_1(4)
Gm02-GLYMA_02G089000@KRH70407-intron_18(19)	IRGSP-1.0-Os01g0514300@Os01t0514300-01-intron_18(19),AGPv4-Zm00001d009337@Zm00001d009337_T005-intron_14(15)
Gm02-GLYMA_02G015500@KRH69263-intron_13(18)	TAIR10-AT2G47500@AT2G47500.1-intron_12(17)
Gm02-GLYMA_02G184600@KRH72003-intron_1(22)	TAIR10-AT2G41740@AT2G41740.1-intron_1(22)
Gm02-GLYMA_02G128900@KRH71092-intron_2(24)	TAIR10-AT1G26170@AT1G26170.1-intron_2(32)
Gm02-GLYMA_02G284400@KRH73621-intron_5(9)	IRGSP-1.0-Os03g0666200@Os03t0666200-01-intron_5(9),AGPv4-Zm00001d013589@Zm00001d013589_T006-intron_6(10)
Gm02-GLYMA_02G052900@KRH69856-intron_2(16)	TAIR10-AT4G36440@AT4G36440.1-intron_2(15)
Gm02-GLYMA_02G025300@KRH69412-intron_7(10)	TAIR10-AT1G10417@AT1G10417.4-intron_6(11)
Gm02-GLYMA_02G204100@KRH72307-intron_4(6)	TAIR10-AT4G30900@AT4G30900.1-intron_4(6)
Gm02-GLYMA_02G047300@KRH69771-intron_5(6)	TAIR10-AT4G35987@AT4G35987.1-intron_5(6),IRGSP-1.0-Os03g0243800@Os03t0243800-00-intron_5(6),AGPv4-Zm00001d047940@Zm00001d047940_T008-intron_5(6)
Gm02-GLYMA_02G083800@KRH70328-intron_3(5)	TAIR10-AT1G21320@AT1G21320.1-intron_3(5)
Gm02-GLYMA_02G254500@KRH73149-intron_2(4)	TAIR10-AT2G39960@AT2G39960.1-intron_2(4)
Gm02-GLYMA_03G237200@KRH68546-intron_5(23)	TAIR10-AT1G67500@AT1G67500.2-intron_5(20)
Gm02-GLYMA_03G253000@KRH68821-intron_9(29)	IRGSP-1.0-Os03g0143800@Os03t0143800-01-intron_9(29),AGPv4-Zm00001d027633@Zm00001d027633_T011-intron_9(27)
Gm02-GLYMA_03G253000@KRH68821-intron_11(29)	IRGSP-1.0-Os03g0143800@Os03t0143800-01-intron_11(29)
Gm02-GLYMA_03G229000@KRH68407-intron_8(11)	TAIR10-AT3G07100@AT3G07100.1-intron_8(11),AGPv4-Zm00001d004466@Zm00001d004466_T006-intron_8(11)
Gm02-GLYMA_03G229000@KRH68407-intron_8(11)	TAIR10-AT3G07100@AT3G07100.1-intron_8(11),IRGSP-1.0-Os04g0129500@Os04t0129500-01-intron_8(11)
Gm02-GLYMA_03G211500@KRH68148-intron_10(12)	IRGSP-1.0-Os01g0934300@Os01t0934300-02-intron_10(12)
Gm02-GLYMA_03G136500@KRH66923-intron_1(22)	AGPv4-Zm00001d011854@Zm00001d011854_T002-intron_1(21)
Gm02-GLYMA_03G108200@KRH66457-intron_10(18)	Amel_4.5-GB52322@GB52322-RA-intron_6(8),TAIR10-AT1G02145@AT1G02145.3-intron_11(19),UMD3.1-ENSBTAG00000046173@ENSBTAT00000064352-intron_5(8),CanFam3.1-ENSCAFG00000000711@ENSCAFT00000001106-intron_5(8),GRCz11-ENSDARG00000041199@ENSDART00000115200-intron_5(8),Galgal5-ENSGALG00000008539@ENSGALT00000013914-intron_5(8),GRCh38-ENSG00000182858@ENST00000330817-intron_5(8),Mmul_8.0.1-ENSMMUG00000011273@ENSMMUT00000055893-intron_5(8),GRCm38-ENSMUSG00000035845@ENSMUST00000162183-intron_5(8),IRGSP-1.0-Os04g0544900@Os04t0544900-01-intron_11(19),Pan_tro_3.0-ENSPTRG00000014523@ENSPTRT00000027154-intron_5(8),Rnor_6.0-ENSRNOG00000004591@ENSRNOT00000065848-intron_5(8),FUGU5-ENSTRUG00000001245@ENSTRUT00000002910-intron_5(9),TETRAODON8-ENSTNIG00000006774@ENSTNIT00000009736-intron_5(8),JGI_4.2-ENSXETG00000025545@ENSXETT00000054381-intron_5(8),AGPv4-Zm00001d002791@Zm00001d002791_T002-intron_10(18)
Gm02-GLYMA_03G108200@KRH66457-intron_10(18)	Amel_4.5-GB52322@GB52322-RA-intron_6(8),TAIR10-AT1G02145@AT1G02145.3-intron_11(19),UMD3.1-ENSBTAG00000046173@ENSBTAT00000064352-intron_5(8),WBcel235-WBGene00022629@ZC513.5-intron_4(5),CanFam3.1-ENSCAFG00000000711@ENSCAFT00000001106-intron_5(8),GRCz11-ENSDARG00000041199@ENSDART00000115200-intron_5(8),GRCh38-ENSG00000182858@ENST00000330817-intron_5(8),Mmul_8.0.1-ENSMMUG00000011273@ENSMMUT00000055893-intron_5(8),GRCm38-ENSMUSG00000035845@ENSMUST00000162183-intron_5(8),IRGSP-1.0-Os04g0544900@Os04t0544900-01-intron_11(19),Pan_tro_3.0-ENSPTRG00000014523@ENSPTRT00000027154-intron_5(8),Rnor_6.0-ENSRNOG00000004591@ENSRNOT00000065848-intron_5(8),AGPv4-Zm00001d002791@Zm00001d002791_T002-intron_10(18)
Gm02-GLYMA_03G120400@KRH66657-intron_6(13)	IRGSP-1.0-Os12g0129400@Os12t0129400-01-intron_6(13)
Gm02-GLYMA_03G120400@KRH66657-intron_6(13)	AGPv4-Zm00001d023264@Zm00001d023264_T002-intron_6(13)
Gm02-GLYMA_03G028800@KRH65348-intron_13(15)	AgamP4-AGAP003700@AGAP003700-RA-intron_3(3),UMD3.1-ENSBTAG00000016004@ENSBTAT00000021303-intron_9(10),WBcel235-WBGene00003129@Y37E11AL.7a-intron_5(6),CanFam3.1-ENSCAFG00000010317@ENSCAFT00000016381-intron_10(11),GRCz11-ENSDARG00000033440@ENSDART00000140096-intron_9(10),BDGP6-FBgn0039219@FBtr0084745-intron_2(2),Galgal5-ENSGALG00000012239@ENSGALT00000019988-intron_9(10),GRCh38-ENSG00000164024@ENST00000296411-intron_9(10),Mmul_8.0.1-ENSMMUG00000011062@ENSMMUT00000015466-intron_9(10),monDom5-ENSMODG00000020715@ENSMODT00000026375-intron_9(11),GRCm38-ENSMUSG00000005813@ENSMUST00000029804-intron_9(10),Pan_tro_3.0-ENSPTRG00000016302@ENSPTRT00000030332-intron_9(10),Rnor_6.0-ENSRNOG00000012947@ENSRNOT00000017579-intron_9(10),TETRAODON8-ENSTNIG00000005641@ENSTNIT00000008512-intron_9(10)
Gm02-GLYMA_03G119200@KRH66636-intron_11(11)	TAIR10-AT2G41050@AT2G41050.1-intron_11(11),IRGSP-1.0-Os01g0266800@Os01t0266800-01-intron_11(11),AGPv4-Zm00001d008285@Zm00001d008285_T005-intron_12(12)
Gm02-GLYMA_03G239000@KRH68576-intron_4(4)	JGI_4.2-ENSXETG00000018603@ENSXETT00000040277-intron_10(10),AGPv4-Zm00001d054008@Zm00001d054008_T001-intron_4(4)
Gm02-GLYMA_03G239000@KRH68576-intron_4(4)	IRGSP-1.0-Os10g0329300@Os10t0329300-01-intron_3(3)
Gm02-GLYMA_03G206000@KRH68065-intron_3(8)	TAIR10-AT5G06590@AT5G06590.1-intron_3(8)
Gm02-GLYMA_03G228100@KRH68393-intron_5(6)	TAIR10-AT5G26610@AT5G26610.1-intron_5(6)
Gm02-GLYMA_03G172700@KRH67552-intron_7(8)	AGPv4-Zm00001d035616@Zm00001d035616_T001-intron_6(7)
Gm02-GLYMA_03G260900@KRH68959-intron_1(2)	UMD3.1-ENSBTAG00000018320@ENSBTAT00000024376-intron_1(3),Galgal5-ENSGALG00000030878@ENSGALT00000059698-intron_1(3),GRCh38-ENSG00000137818@ENST00000260379-intron_1(3),GRCm38-ENSMUSG00000007892@ENSMUST00000008036-intron_1(2),Pan_tro_3.0-ENSPTRG00000007228@ENSPTRT00000013342-intron_1(3),Rnor_6.0-ENSRNOG00000013874@ENSRNOT00000018820-intron_1(2),FUGU5-ENSTRUG00000005235@ENSTRUT00000012633-intron_1(3),JGI_4.2-ENSXETG00000023754@ENSXETT00000051233-intron_1(3),AGPv4-Zm00001d035087@Zm00001d035087_T001-intron_1(2)
Gm02-GLYMA_03G260900@KRH68959-intron_1(2)	UMD3.1-ENSBTAG00000018320@ENSBTAT00000024376-intron_1(3),GRCz11-ENSDARG00000021864@ENSDART00000029646-intron_1(3),Galgal5-ENSGALG00000030878@ENSGALT00000059698-intron_1(3),GRCh38-ENSG00000137818@ENST00000260379-intron_1(3),GRCm38-ENSMUSG00000007892@ENSMUST00000008036-intron_1(2),Pan_tro_3.0-ENSPTRG00000007228@ENSPTRT00000013342-intron_1(3),Rnor_6.0-ENSRNOG00000013874@ENSRNOT00000018820-intron_1(2),FUGU5-ENSTRUG00000005235@ENSTRUT00000012633-intron_1(3),JGI_4.2-ENSXETG00000023754@ENSXETT00000051233-intron_1(3)
Gm02-GLYMA_03G260900@KRH68959-intron_1(2)	TAIR10-AT5G24510@AT5G24510.1-intron_1(2),UMD3.1-ENSBTAG00000018320@ENSBTAT00000024376-intron_1(3),Galgal5-ENSGALG00000030878@ENSGALT00000059698-intron_1(3),GRCh38-ENSG00000137818@ENST00000260379-intron_1(3),GRCm38-ENSMUSG00000007892@ENSMUST00000008036-intron_1(2),Rnor_6.0-ENSRNOG00000013874@ENSRNOT00000018820-intron_1(2),JGI_4.2-ENSXETG00000023754@ENSXETT00000051233-intron_1(3),AGPv4-Zm00001d035087@Zm00001d035087_T001-intron_1(2)
Gm02-GLYMA_03G260900@KRH68959-intron_1(2)	TAIR10-AT5G24510@AT5G24510.1-intron_1(2),UMD3.1-ENSBTAG00000018320@ENSBTAT00000024376-intron_1(3),GRCh38-ENSG00000137818@ENST00000260379-intron_1(3),monDom5-ENSMODG00000009218@ENSMODT00000011727-intron_1(3),Rnor_6.0-ENSRNOG00000013874@ENSRNOT00000018820-intron_1(2),AGPv4-Zm00001d035087@Zm00001d035087_T001-intron_1(2)
Gm02-GLYMA_03G260900@KRH68959-intron_1(2)	UMD3.1-ENSBTAG00000018320@ENSBTAT00000024376-intron_1(3),GRCh38-ENSG00000137818@ENST00000260379-intron_1(3),monDom5-ENSMODG00000009218@ENSMODT00000011727-intron_1(3),Pan_tro_3.0-ENSPTRG00000007228@ENSPTRT00000013342-intron_1(3),Rnor_6.0-ENSRNOG00000013874@ENSRNOT00000018820-intron_1(2),AGPv4-Zm00001d035087@Zm00001d035087_T001-intron_1(2)
Gm02-GLYMA_04G210700@KRH64010-intron_5(29)	IRGSP-1.0-Os11g0186400@Os11t0186400-00-intron_5(29),AGPv4-Zm00001d053070@Zm00001d053070_T001-intron_5(29)
Gm02-GLYMA_04G221900@KRH64199-intron_11(23)	AGPv4-Zm00001d027487@Zm00001d027487_T017-intron_11(23)
Gm02-GLYMA_04G054300@KRH61558-intron_8(12)	IRGSP-1.0-Os02g0217800@Os02t0217800-00-intron_8(12),AGPv4-Zm00001d016374@Zm00001d016374_T002-intron_8(12)
Gm02-GLYMA_04G080500@KRH62022-intron_2(9)	TAIR10-AT4G32720@AT4G32720.1-intron_2(9),AGPv4-Zm00001d025767@Zm00001d025767_T002-intron_2(9)
Gm02-GLYMA_04G252800@KRH64729-intron_4(13)	TAIR10-AT2G17900@AT2G17900.1-intron_4(13),AGPv4-Zm00001d013471@Zm00001d013471_T001-intron_5(13)
Gm02-GLYMA_04G207900@KRH63972-intron_6(14)	GRCz11-ENSDARG00000043858@ENSDART00000104667-intron_6(12),Galgal5-ENSGALG00000015051@ENSGALT00000024270-intron_6(12),GRCh38-ENSG00000155111@ENST00000368911-intron_6(12),Mmul_8.0.1-ENSMMUG00000020637@ENSMMUT00000063323-intron_6(14),monDom5-ENSMODG00000017926@ENSMODT00000022744-intron_6(12),GRCm38-ENSMUSG00000038481@ENSMUST00000044672-intron_6(12),Pan_tro_3.0-ENSPTRG00000018500@ENSPTRT00000034183-intron_6(12),Rnor_6.0-ENSRNOG00000000583@ENSRNOT00000000713-intron_6(12)
Gm02-GLYMA_04G207900@KRH63972-intron_6(14)	GRCz11-ENSDARG00000043858@ENSDART00000104667-intron_6(12),Galgal5-ENSGALG00000015051@ENSGALT00000024270-intron_6(12),GRCh38-ENSG00000155111@ENST00000368911-intron_6(12),monDom5-ENSMODG00000017926@ENSMODT00000022744-intron_6(12),GRCm38-ENSMUSG00000038481@ENSMUST00000044672-intron_6(12),Pan_tro_3.0-ENSPTRG00000018500@ENSPTRT00000034183-intron_6(12),Rnor_6.0-ENSRNOG00000000583@ENSRNOT00000000713-intron_6(12),AGPv4-Zm00001d014438@Zm00001d014438_T001-intron_6(14)
Gm02-GLYMA_04G146800@KRH62985-intron_6(9)	AGPv4-Zm00001d018325@Zm00001d018325_T001-intron_6(9)
Gm02-GLYMA_04G087400@KRH62120-intron_6(9)	TAIR10-AT1G10040@AT1G10040.1-intron_6(9),IRGSP-1.0-Os03g0726800@Os03t0726800-01-intron_6(9)
Gm02-GLYMA_04G221200@KRH64180-intron_4(6)	IRGSP-1.0-Os05g0168700@Os05t0168700-01-intron_4(6),AGPv4-Zm00001d009813@Zm00001d009813_T001-intron_4(6)
Gm02-GLYMA_04G046100@KRH61419-intron_2(9)	TAIR10-AT5G22370@AT5G22370.1-intron_2(9),IRGSP-1.0-Os02g0555000@Os02t0555000-01-intron_2(9)
Gm02-GLYMA_04G046100@KRH61419-intron_9(9)	TAIR10-AT5G22370@AT5G22370.1-intron_9(9),IRGSP-1.0-Os02g0555000@Os02t0555000-01-intron_9(9)
Gm02-GLYMA_04G250400@KRH64691-intron_3(10)	TAIR10-AT1G18340@AT1G18340.1-intron_3(10),IRGSP-1.0-Os02g0125800@Os02t0125800-01-intron_3(10)
Gm02-GLYMA_04G207300@KRH63960-intron_4(5)	TAIR10-AT1G80500@AT1G80500.1-intron_3(4)
Gm02-GLYMA_05G241400@KRH60452-intron_31(31)	IRGSP-1.0-Os01g0916800@Os01t0916800-00-intron_29(29)
Gm02-GLYMA_05G090500@KRH57890-intron_17(23)	IRGSP-1.0-Os09g0407950@Os09t0407950-01-intron_17(21)
Gm02-GLYMA_05G208100@KRH59901-intron_15(20)	IRGSP-1.0-Os01g0744000@Os01t0744000-01-intron_15(21)
Gm02-GLYMA_05G208100@KRH59901-intron_15(20)	TAIR10-AT1G63640@AT1G63640.3-intron_14(19)
Gm02-GLYMA_05G000600@KRH56498-intron_1(17)	Rnor_6.0-ENSRNOG00000014626@ENSRNOT00000019770-intron_1(18),FUGU5-ENSTRUG00000003894@ENSTRUT00000058002-intron_1(17)
Gm02-GLYMA_05G130700@KRH58481-intron_9(10)	TAIR10-AT2G34560@AT2G34560.2-intron_9(10),IRGSP-1.0-Os01g0673500@Os01t0673500-01-intron_9(10),AGPv4-Zm00001d011563@Zm00001d011563_T019-intron_9(11)
Gm02-GLYMA_05G232100@KRH60297-intron_2(11)	IRGSP-1.0-Os01g0179800@Os01t0179800-01-intron_1(10)
Gm02-GLYMA_05G037000@KRH57059-intron_2(9)	TAIR10-AT3G47990@AT3G47990.1-intron_2(9),IRGSP-1.0-Os05g0145000@Os05t0145000-01-intron_2(9),AGPv4-Zm00001d044551@Zm00001d044551_T003-intron_2(9)
Gm02-GLYMA_05G133900@KRH58531-intron_4(7)	IRGSP-1.0-Os01g0367100@Os01t0367100-01-intron_5(8),AGPv4-Zm00001d040827@Zm00001d040827_T003-intron_6(9)
Gm02-GLYMA_05G205600@KRH59842-intron_3(10)	TAIR10-AT1G63260@AT1G63260.1-intron_3(9),IRGSP-1.0-Os10g0503600@Os10t0503600-01-intron_3(10)
Gm02-GLYMA_05G067300@KRH57540-intron_4(4)	TAIR10-AT2G44680@AT2G44680.1-intron_4(4)
Gm02-GLYMA_05G140300@KRH58635-intron_1(2)	TAIR10-AT1G06515@AT1G06515.1-intron_1(2)
Gm02-GLYMA_06G097800@KRH52966-intron_7(39)	IRGSP-1.0-Os02g0162766@Os02t0162766-01-intron_7(9)
Gm02-GLYMA_06G155300@KRH53923-intron_5(29)	TAIR10-AT5G63960@AT5G63960.2-intron_5(29)
Gm02-GLYMA_06G323200@KRH56425-intron_2(4)	TAIR10-AT1G73970@AT1G73970.1-intron_2(4)
Gm02-GLYMA_06G151000@KRH53867-intron_2(6)	TAIR10-AT3G18750@AT3G18750.1-intron_2(6)
Gm02-GLYMA_06G033200@KRH51870-intron_7(15)	IRGSP-1.0-Os07g0581300@Os07t0581300-01-intron_7(15),AGPv4-Zm00001d006681@Zm00001d006681_T004-intron_8(16)
Gm02-GLYMA_06G176800@KRH54305-intron_2(7)	TAIR10-AT3G48260@AT3G48260.1-intron_2(7)
Gm02-GLYMA_06G223300@KRH54981-intron_5(10)	TAIR10-AT4G30860@AT4G30860.1-intron_5(10),AGPv4-Zm00001d051057@Zm00001d051057_T002-intron_5(9)
Gm02-GLYMA_06G054600@KRH52232-intron_8(12)	TAIR10-AT5G26180@AT5G26180.1-intron_8(12)
Gm02-GLYMA_06G082200@KRH52679-intron_2(9)	IRGSP-1.0-Os04g0497600@Os04t0497600-01-intron_2(9)
Gm02-GLYMA_06G000300@KRH51321-intron_13(17)	AgamP4-AGAP005347@AGAP005347-RA-intron_2(5),Amel_4.5-GB41169@GB41169-RA-intron_6(9),TAIR10-AT4G38240@AT4G38240.1-intron_13(17),BDGP6-FBgn0034521@FBtr0086259-intron_2(6),IRGSP-1.0-Os02g0832800@Os02t0832800-01-intron_13(17)
Gm02-GLYMA_06G218100@KRH54906-intron_6(9)	TAIR10-AT4G25770@AT4G25770.2-intron_6(8),IRGSP-1.0-Os08g0447300@Os08t0447300-00-intron_6(9)
Gm02-GLYMA_06G144600@KRH53765-intron_4(6)	TAIR10-AT1G06890@AT1G06890.1-intron_4(6)
Gm02-GLYMA_06G046900@KRH52103-intron_2(9)	AGPv4-Zm00001d016816@Zm00001d016816_T002-intron_2(8)
Gm02-GLYMA_06G112400@KRH53227-intron_3(10)	AGPv4-Zm00001d053954@Zm00001d053954_T001-intron_3(10)
Gm02-GLYMA_06G131700@KRH53550-intron_3(5)	IRGSP-1.0-Os06g0127500@Os06t0127500-01-intron_3(5),AGPv4-Zm00001d045509@Zm00001d045509_T002-intron_3(6)
Gm02-GLYMA_06G293700@KRH55975-intron_2(5)	TAIR10-AT2G20740@AT2G20740.1-intron_2(4)
Gm02-GLYMA_06G293700@KRH55975-intron_2(5)	AGPv4-Zm00001d001811@Zm00001d001811_T001-intron_2(4)
Gm02-GLYMA_06G066400@KRH52405-intron_3(6)	TAIR10-AT2G25310@AT2G25310.1-intron_3(6),IRGSP-1.0-Os06g0644100@Os06t0644100-01-intron_3(6),AGPv4-Zm00001d036748@Zm00001d036748_T001-intron_3(6)
Gm02-GLYMA_06G158300@KRH53974-intron_3(4)	UMD3.1-ENSBTAG00000010922@ENSBTAT00000014509-intron_2(3),CanFam3.1-ENSCAFG00000011754@ENSCAFT00000018666-intron_3(4),GRCz11-ENSDARG00000097660@ENSDART00000162158-intron_2(3),Galgal5-ENSGALG00000016578@ENSGALT00000026761-intron_2(3),GRCh38-ENSG00000196459@ENST00000458511-intron_3(4),Mmul_8.0.1-ENSMMUG00000022619@ENSMMUT00000031830-intron_2(3),monDom5-ENSMODG00000017312@ENSMODT00000021981-intron_2(3),GRCm38-ENSMUSG00000079317@ENSMUST00000112194-intron_2(3),IRGSP-1.0-Os02g0613600@Os02t0613600-01-intron_3(4),Pan_tro_3.0-ENSPTRG00000021674@ENSPTRT00000040188-intron_2(3),ASM294v2-SPBC11G11.04@SPBC11G11.04.1-intron_3(3),FUGU5-ENSTRUG00000022916@ENSTRUT00000051288-intron_2(3),AGPv4-Zm00001d022541@Zm00001d022541_T003-intron_3(4)
Gm02-GLYMA_06G158300@KRH53974-intron_3(4)	UMD3.1-ENSBTAG00000010922@ENSBTAT00000014509-intron_2(3),CanFam3.1-ENSCAFG00000011754@ENSCAFT00000018666-intron_3(4),GRCz11-ENSDARG00000097660@ENSDART00000162158-intron_2(3),Galgal5-ENSGALG00000016578@ENSGALT00000026761-intron_2(3),GRCh38-ENSG00000196459@ENST00000458511-intron_3(4),Mmul_8.0.1-ENSMMUG00000022619@ENSMMUT00000031830-intron_2(3),monDom5-ENSMODG00000017312@ENSMODT00000021981-intron_2(3),GRCm38-ENSMUSG00000079317@ENSMUST00000112194-intron_2(3),IRGSP-1.0-Os02g0613600@Os02t0613600-01-intron_3(4),Pan_tro_3.0-ENSPTRG00000021674@ENSPTRT00000040188-intron_2(3),Rnor_6.0-ENSRNOG00000042276@ENSRNOT00000068113-intron_2(3),ASM294v2-SPBC11G11.04@SPBC11G11.04.1-intron_3(3),AGPv4-Zm00001d022541@Zm00001d022541_T003-intron_3(4)
Gm02-GLYMA_07G204500@KRH50157-intron_15(15)	TAIR10-AT4G18490@AT4G18490.3-intron_13(13),IRGSP-1.0-Os01g0755100@Os01t0755100-01-intron_14(15)
Gm02-GLYMA_07G195900@KRH50033-intron_1(20)	IRGSP-1.0-Os05g0519400@Os05t0519400-01-intron_1(20),AGPv4-Zm00001d038808@Zm00001d038808_T001-intron_1(20)
Gm02-GLYMA_07G195900@KRH50033-intron_1(20)	TAIR10-AT4G04910@AT4G04910.1-intron_1(20)
Gm02-GLYMA_07G019100@KRH47266-intron_6(16)	IRGSP-1.0-Os01g0761300@Os01t0761300-01-intron_1(11)
Gm02-GLYMA_07G208200@KRH50214-intron_6(12)	Amel_4.5-GB46735@GB46735-RA-intron_7(11),TAIR10-AT1G73180@AT1G73180.1-intron_6(12),AGPv4-Zm00001d017150@Zm00001d017150_T001-intron_6(12)
Gm02-GLYMA_07G208200@KRH50214-intron_5(12)	TAIR10-AT1G73180@AT1G73180.1-intron_5(12),AGPv4-Zm00001d017150@Zm00001d017150_T001-intron_5(12)
Gm02-GLYMA_07G222900@KRH50471-intron_10(15)	IRGSP-1.0-Os08g0471900@Os08t0471900-01-intron_10(15),AGPv4-Zm00001d034108@Zm00001d034108_T002-intron_10(15)
Gm02-GLYMA_07G060000@KRH47975-intron_3(8)	IRGSP-1.0-Os01g0896800@Os01t0896800-01-intron_3(8)
Gm02-GLYMA_07G200800@KRH50111-intron_3(4)	IRGSP-1.0-Os05g0562200@Os05t0562200-01-intron_3(4),AGPv4-Zm00001d038999@Zm00001d038999_T001-intron_3(4)
Gm02-GLYMA_07G042400@KRH47651-intron_1(4)	AgamP4-AGAP012717@AGAP012717-RA-intron_2(3),Amel_4.5-GB51889@GB51889-RA-intron_2(4),TAIR10-AT1G11890@AT1G11890.1-intron_1(4),WBcel235-WBGene00018853@F55A4.1-intron_2(4),BDGP6-FBgn0260855@FBtr0310162-intron_2(3),IRGSP-1.0-Os03g0791500@Os03t0791500-01-intron_1(4),ASM294v2-SPBC2A9.08c@SPBC2A9.08c.1-intron_2(3),AGPv4-Zm00001d034406@Zm00001d034406_T002-intron_3(6)
Gm02-GLYMA_07G048300@KRH47754-intron_6(7)	TAIR10-AT1G01050@AT1G01050.1-intron_6(7)
Gm02-GLYMA_07G048300@KRH47754-intron_6(7)	IRGSP-1.0-Os05g0438500@Os05t0438500-01-intron_5(6)
Gm02-GLYMA_07G106200@KRH48703-intron_1(3)	AgamP4-AGAP011470@AGAP011470-RA-intron_1(3),Amel_4.5-GB40560@GB40560-RA-intron_2(3),WBcel235-WBGene00020480@T13C2.4-intron_2(3),CanFam3.1-ENSCAFG00000019254@ENSCAFT00000030566-intron_2(4),KH-ENSCING00000004387@ENSCINT00000009069-intron_2(4),GRCz11-ENSDARG00000031216@ENSDART00000041895-intron_2(4),BDGP6-FBgn0031054@FBtr0074747-intron_1(2),Galgal5-ENSGALG00000001489@ENSGALT00000002258-intron_2(4),GRCh38-ENSG00000160075@ENST00000291386-intron_2(4),Mmul_8.0.1-ENSMMUG00000001551@ENSMMUT00000002192-intron_2(4),monDom5-ENSMODG00000006616@ENSMODT00000008370-intron_2(4),GRCm38-ENSMUSG00000029038@ENSMUST00000030905-intron_2(4),IRGSP-1.0-Os12g0168200@Os12t0168200-01-intron_1(3),Rnor_6.0-ENSRNOG00000017829@ENSRNOT00000024349-intron_2(4),FUGU5-ENSTRUG00000023838@ENSTRUT00000055555-intron_2(4),TETRAODON8-ENSTNIG00000014655@ENSTNIT00000017906-intron_2(4),JGI_4.2-ENSXETG00000012963@ENSXETT00000028399-intron_2(4),AGPv4-Zm00001d041884@Zm00001d041884_T001-intron_1(4)
Gm02-GLYMA_07G106200@KRH48703-intron_1(3)	TAIR10-AT1G73820@AT1G73820.2-intron_2(3),CanFam3.1-ENSCAFG00000019254@ENSCAFT00000030566-intron_2(4),GRCz11-ENSDARG00000031216@ENSDART00000041895-intron_2(4),BDGP6-FBgn0031054@FBtr0074747-intron_1(2),Galgal5-ENSGALG00000001489@ENSGALT00000002258-intron_2(4),GRCh38-ENSG00000160075@ENST00000291386-intron_2(4),Mmul_8.0.1-ENSMMUG00000001551@ENSMMUT00000002192-intron_2(4),monDom5-ENSMODG00000006616@ENSMODT00000008370-intron_2(4),GRCm38-ENSMUSG00000029038@ENSMUST00000030905-intron_2(4),IRGSP-1.0-Os12g0168200@Os12t0168200-01-intron_1(3),Rnor_6.0-ENSRNOG00000017829@ENSRNOT00000024349-intron_2(4),FUGU5-ENSTRUG00000023838@ENSTRUT00000055555-intron_2(4),TETRAODON8-ENSTNIG00000014655@ENSTNIT00000017906-intron_2(4),JGI_4.2-ENSXETG00000012963@ENSXETT00000028399-intron_2(4),AGPv4-Zm00001d041884@Zm00001d041884_T001-intron_1(4)
Gm02-GLYMA_08G238200@KRH44900-intron_16(23)	AGPv4-Zm00001d053059@Zm00001d053059_T007-intron_15(21)
Gm02-GLYMA_08G187000@KRH44051-intron_10(19)	TAIR10-AT4G27640@AT4G27640.1-intron_10(19)
Gm02-GLYMA_08G187000@KRH44051-intron_17(19)	TAIR10-AT4G27640@AT4G27640.1-intron_17(19),IRGSP-1.0-Os03g0261900@Os03t0261900-02-intron_4(6)
Gm02-GLYMA_08G360000@KRH46844-intron_22(24)	TAIR10-AT5G58100@AT5G58100.1-intron_22(24),AGPv4-Zm00001d016452@Zm00001d016452_T009-intron_21(23)
Gm02-GLYMA_08G333900@KRH46439-intron_1(21)	TAIR10-AT2G29890@AT2G29890.3-intron_1(20)
Gm02-GLYMA_08G120900@KRH42935-intron_8(13)	TAIR10-AT1G29630@AT1G29630.2-intron_8(13),IRGSP-1.0-Os01g0777300@Os01t0777300-00-intron_8(13),AGPv4-Zm00001d043287@Zm00001d043287_T002-intron_8(13)
Gm02-GLYMA_08G004700@KRH41006-intron_1(9)	TAIR10-AT5G08630@AT5G08630.1-intron_1(9),IRGSP-1.0-Os02g0556900@Os02t0556900-02-intron_1(8),AGPv4-Zm00001d050753@Zm00001d050753_T001-intron_3(10)
Gm02-GLYMA_08G124600@KRH43005-intron_1(8)	IRGSP-1.0-Os03g0748000@Os03t0748000-01-intron_1(8),AGPv4-Zm00001d034005@Zm00001d034005_T003-intron_1(8)
Gm02-GLYMA_08G124600@KRH43005-intron_1(8)	TAIR10-AT3G13460@AT3G13460.1-intron_1(8),IRGSP-1.0-Os03g0748000@Os03t0748000-01-intron_1(8)
Gm02-GLYMA_08G002900@KRH40974-intron_6(14)	Amel_4.5-GB45722@GB45722-RA-intron_5(6),UMD3.1-ENSBTAG00000016737@ENSBTAT00000022252-intron_5(11),CanFam3.1-ENSCAFG00000006870@ENSCAFT00000011055-intron_6(12),GRCz11-ENSDARG00000016496@ENSDART00000007066-intron_6(12),Mmul_8.0.1-ENSMMUG00000014841@ENSMMUT00000020824-intron_6(12),GRCm38-ENSMUSG00000029635@ENSMUST00000031640-intron_6(12),FUGU5-ENSTRUG00000003969@ENSTRUT00000009457-intron_6(12),TETRAODON8-ENSTNIG00000012716@ENSTNIT00000015898-intron_6(12)
Gm02-GLYMA_08G002900@KRH40974-intron_6(14)	Amel_4.5-GB45722@GB45722-RA-intron_5(6),UMD3.1-ENSBTAG00000016737@ENSBTAT00000022252-intron_5(11),CanFam3.1-ENSCAFG00000006870@ENSCAFT00000011055-intron_6(12),IRGSP-1.0-Os10g0580300@Os10t0580300-01-intron_6(14),FUGU5-ENSTRUG00000003969@ENSTRUT00000009457-intron_6(12),TETRAODON8-ENSTNIG00000012716@ENSTNIT00000015898-intron_6(12)
Gm02-GLYMA_08G002900@KRH40974-intron_6(14)	Amel_4.5-GB45722@GB45722-RA-intron_5(6),CanFam3.1-ENSCAFG00000006870@ENSCAFT00000011055-intron_6(12),IRGSP-1.0-Os10g0580300@Os10t0580300-01-intron_6(14),FUGU5-ENSTRUG00000003969@ENSTRUT00000009457-intron_6(12),TETRAODON8-ENSTNIG00000012716@ENSTNIT00000015898-intron_6(12),JGI_4.2-ENSXETG00000021324@ENSXETT00000046130-intron_7(13)
Gm02-GLYMA_08G115700@KRH42854-intron_7(10)	AGPv4-Zm00001d045311@Zm00001d045311_T003-intron_3(6)
Gm02-GLYMA_08G039500@KRH41591-intron_2(11)	TAIR10-AT4G13345@AT4G13345.4-intron_2(10)
Gm02-GLYMA_08G117600@KRH42889-intron_6(10)	TAIR10-AT5G45760@AT5G45760.1-intron_6(9),IRGSP-1.0-Os01g0205100@Os01t0205100-01-intron_6(10)
Gm02-GLYMA_08G362100@KRH46881-intron_6(10)	TAIR10-AT3G59310@AT3G59310.2-intron_6(9)
Gm02-GLYMA_08G362100@KRH46881-intron_6(10)	IRGSP-1.0-Os05g0299500@Os05t0299500-01-intron_6(10)
Gm02-GLYMA_08G313000@KRH46112-intron_4(7)	TAIR10-AT1G50910@AT1G50910.1-intron_4(9),IRGSP-1.0-Os09g0504900@Os09t0504900-01-intron_3(6),AGPv4-Zm00001d021036@Zm00001d021036_T001-intron_4(7)
Gm02-GLYMA_08G027200@KRH41393-intron_3(12)	UMD3.1-ENSBTAG00000003058@ENSBTAT00000003974-intron_1(8),GRCz11-ENSDARG00000058560@ENSDART00000081433-intron_1(8),Galgal5-ENSGALG00000005200@ENSGALT00000008350-intron_2(9),GRCh38-ENSG00000130706@ENST00000253003-intron_1(8),Mmul_8.0.1-ENSMMUG00000012626@ENSMMUT00000073245-intron_1(8),monDom5-ENSMODG00000016715@ENSMODT00000021232-intron_1(8),GRCm38-ENSMUSG00000039041@ENSMUST00000061437-intron_1(8),IRGSP-1.0-Os05g0594800@Os05t0594800-01-intron_3(12),Pan_tro_3.0-ENSPTRG00000013704@ENSPTRT00000025554-intron_1(8),Rnor_6.0-ENSRNOG00000055984@ENSRNOT00000091941-intron_1(8),JGI_4.2-ENSXETG00000002007@ENSXETT00000004073-intron_1(9)
Gm02-GLYMA_08G027200@KRH41393-intron_3(12)	UMD3.1-ENSBTAG00000003058@ENSBTAT00000003974-intron_1(8),GRCz11-ENSDARG00000058560@ENSDART00000081433-intron_1(8),Galgal5-ENSGALG00000005200@ENSGALT00000008350-intron_2(9),GRCh38-ENSG00000130706@ENST00000253003-intron_1(8),Mmul_8.0.1-ENSMMUG00000012626@ENSMMUT00000073245-intron_1(8),monDom5-ENSMODG00000016715@ENSMODT00000021232-intron_1(8),GRCm38-ENSMUSG00000039041@ENSMUST00000061437-intron_1(8),Pan_tro_3.0-ENSPTRG00000013704@ENSPTRT00000025554-intron_1(8),Rnor_6.0-ENSRNOG00000055984@ENSRNOT00000091941-intron_1(8),FUGU5-ENSTRUG00000006087@ENSTRUT00000014861-intron_2(9),JGI_4.2-ENSXETG00000002007@ENSXETT00000004073-intron_1(9)
Gm02-GLYMA_08G111200@KRH42789-intron_3(8)	TAIR10-AT5G12210@AT5G12210.1-intron_4(9),IRGSP-1.0-Os08g0512300@Os08t0512300-01-intron_3(8),ASM294v2-SPAC167.02@SPAC167.02.1-intron_3(5)
Gm02-GLYMA_08G288700@KRH45704-intron_3(8)	TAIR10-AT4G12790@AT4G12790.1-intron_3(8),IRGSP-1.0-Os03g0714400@Os03t0714400-01-intron_3(8),AGPv4-Zm00001d013420@Zm00001d013420_T002-intron_3(8)
Gm02-GLYMA_08G288700@KRH45704-intron_3(8)	Amel_4.5-GB53185@GB53185-RA-intron_2(2),WBcel235-WBGene00013550@Y75B8A.14-intron_3(3),IRGSP-1.0-Os03g0714400@Os03t0714400-01-intron_3(8)
Gm02-GLYMA_08G288700@KRH45704-intron_3(8)	TAIR10-AT4G12790@AT4G12790.1-intron_3(8),WBcel235-WBGene00013550@Y75B8A.14-intron_3(3),IRGSP-1.0-Os03g0714400@Os03t0714400-01-intron_3(8)
Gm02-GLYMA_08G032300@KRH41474-intron_6(6)	IRGSP-1.0-Os05g0187800@Os05t0187800-01-intron_6(6),AGPv4-Zm00001d037687@Zm00001d037687_T001-intron_6(6)
Gm02-GLYMA_08G032300@KRH41474-intron_6(6)	TAIR10-AT4G29330@AT4G29330.1-intron_6(6),IRGSP-1.0-Os05g0187800@Os05t0187800-01-intron_6(6)
Gm02-GLYMA_08G265200@KRH45331-intron_2(3)	TAIR10-AT4G26470@AT4G26470.3-intron_2(3)
Gm02-GLYMA_08G095700@KRH42543-intron_1(2)	AGPv4-Zm00001d019550@Zm00001d019550_T003-intron_1(2)
Gm02-GLYMA_09G057400@KRH37296-intron_1(21)	TAIR10-AT4G30160@AT4G30160.2-intron_1(20)
Gm02-GLYMA_09G184400@KRH39191-intron_11(14)	TAIR10-AT1G18410@AT1G18410.4-intron_14(19)
Gm02-GLYMA_09G002300@KRH36417-intron_2(21)	TAIR10-AT1G16540@AT1G16540.3-intron_2(19),IRGSP-1.0-Os06g0670000@Os06t0670000-01-intron_2(21),AGPv4-Zm00001d046979@Zm00001d046979_T001-intron_2(20)
Gm02-GLYMA_09G002300@KRH36417-intron_4(21)	IRGSP-1.0-Os06g0670000@Os06t0670000-01-intron_4(21),AGPv4-Zm00001d046979@Zm00001d046979_T001-intron_4(20)
Gm02-GLYMA_09G204600@KRH39541-intron_3(7)	TAIR10-AT4G17895@AT4G17895.1-intron_3(7)
Gm02-GLYMA_09G204600@KRH39541-intron_3(7)	AGPv4-Zm00001d051513@Zm00001d051513_T001-intron_4(8)
Gm02-GLYMA_09G230400@KRH39956-intron_11(13)	TAIR10-AT5G07630@AT5G07630.1-intron_14(16),AGPv4-Zm00001d006384@Zm00001d006384_T005-intron_11(13)
Gm02-GLYMA_09G030300@KRH36892-intron_4(9)	AGPv4-Zm00001d026311@Zm00001d026311_T001-intron_4(9)
Gm02-GLYMA_09G030300@KRH36892-intron_4(9)	IRGSP-1.0-Os08g0129700@Os08t0129700-01-intron_4(9)
Gm02-GLYMA_09G248800@KRH40280-intron_2(12)	TAIR10-AT5G17440@AT5G17440.1-intron_2(12)
Gm02-GLYMA_09G104600@KRH38022-intron_4(6)	TAIR10-AT5G06620@AT5G06620.1-intron_4(6)
Gm02-GLYMA_09G261100@KRH40477-intron_3(7)	UMD3.1-ENSBTAG00000016034@ENSBTAT00000021338-intron_3(5),CanFam3.1-ENSCAFG00000032654@ENSCAFT00000043366-intron_3(5),GRCh38-ENSG00000077348@ENST00000221233-intron_3(5),Mmul_8.0.1-ENSMMUG00000014345@ENSMMUT00000020132-intron_3(5),GRCm38-ENSMUSG00000061286@ENSMUST00000079634-intron_3(5),Pan_tro_3.0-ENSPTRG00000011024@ENSPTRT00000020483-intron_3(5),Rnor_6.0-ENSRNOG00000020635@ENSRNOT00000028026-intron_3(5),FUGU5-ENSTRUG00000009689@ENSTRUT00000024444-intron_3(5)
Gm02-GLYMA_09G161000@KRH38832-intron_4(5)	TAIR10-AT1G73350@AT1G73350.5-intron_2(3),IRGSP-1.0-Os02g0637900@Os02t0637900-01-intron_4(5)
Gm02-GLYMA_09G033400@KRH36943-intron_3(3)	TAIR10-AT5G49540@AT5G49540.1-intron_3(3)
Gm02-GLYMA_10G019300@KRH31895-intron_5(26)	IRGSP-1.0-Os07g0672500@Os07t0672500-02-intron_5(27)
Gm02-GLYMA_10G060200@KRH32570-intron_3(17)	TAIR10-AT3G53180@AT3G53180.1-intron_2(16),IRGSP-1.0-Os10g0456500@Os10t0456500-02-intron_3(17),AGPv4-Zm00001d032815@Zm00001d032815_T011-intron_3(17)
Gm02-GLYMA_10G228700@KRH35210-intron_2(14)	GRCz11-ENSDARG00000015153@ENSDART00000013581-intron_3(14)
Gm02-GLYMA_10G278200@KRH36009-intron_3(10)	Amel_4.5-GB50750@GB50750-RA-intron_3(7),TAIR10-AT5G05010@AT5G05010.1-intron_3(10),UMD3.1-ENSBTAG00000006690@ENSBTAT00000008799-intron_2(9),CanFam3.1-ENSCAFG00000012572@ENSCAFT00000020001-intron_2(9),KH-ENSCING00000008874@ENSCINT00000018064-intron_3(10),GRCz11-ENSDARG00000002792@ENSDART00000014666-intron_2(9),Galgal5-ENSGALG00000007430@ENSGALT00000079596-intron_2(9),GRCh38-ENSG00000095139@ENST00000359415-intron_2(9),Mmul_8.0.1-ENSMMUG00000002543@ENSMMUT00000003620-intron_2(9),monDom5-ENSMODG00000013432@ENSMODT00000017112-intron_2(9),GRCm38-ENSMUSG00000032096@ENSMUST00000034607-intron_2(9),IRGSP-1.0-Os01g0833700@Os01t0833700-01-intron_3(10),Pan_tro_3.0-ENSPTRG00000004350@ENSPTRT00000094313-intron_2(9),Rnor_6.0-ENSRNOG00000061108@ENSRNOT00000082687-intron_2(9),FUGU5-ENSTRUG00000010422@ENSTRUT00000026344-intron_2(9),TETRAODON8-ENSTNIG00000014364@ENSTNIT00000017599-intron_1(9),JGI_4.2-ENSXETG00000021568@ENSXETT00000046606-intron_2(9)
Gm02-GLYMA_10G278200@KRH36009-intron_3(10)	Amel_4.5-GB50750@GB50750-RA-intron_3(7),TAIR10-AT5G05010@AT5G05010.1-intron_3(10),UMD3.1-ENSBTAG00000006690@ENSBTAT00000008799-intron_2(9),CanFam3.1-ENSCAFG00000012572@ENSCAFT00000020001-intron_2(9),KH-ENSCING00000008874@ENSCINT00000018064-intron_3(10),GRCz11-ENSDARG00000002792@ENSDART00000014666-intron_2(9),Galgal5-ENSGALG00000007430@ENSGALT00000079596-intron_2(9),Mmul_8.0.1-ENSMMUG00000002543@ENSMMUT00000003620-intron_2(9),monDom5-ENSMODG00000013432@ENSMODT00000017112-intron_2(9),GRCm38-ENSMUSG00000032096@ENSMUST00000034607-intron_2(9),Rnor_6.0-ENSRNOG00000061108@ENSRNOT00000082687-intron_2(9),FUGU5-ENSTRUG00000010422@ENSTRUT00000026344-intron_2(9),JGI_4.2-ENSXETG00000021568@ENSXETT00000046606-intron_2(9),AGPv4-Zm00001d041785@Zm00001d041785_T002-intron_3(10)
Gm02-GLYMA_10G158100@KRH33999-intron_1(7)	TAIR10-AT2G26430@AT2G26430.1-intron_1(5),IRGSP-1.0-Os01g0377500@Os01t0377500-01-intron_1(7)
Gm02-GLYMA_10G185000@KRH34458-intron_3(6)	IRGSP-1.0-Os03g0799100@Os03t0799100-01-intron_3(6)
Gm02-GLYMA_10G018400@KRH31873-intron_1(6)	TAIR10-AT3G62830@AT3G62830.1-intron_1(6),IRGSP-1.0-Os05g0363200@Os05t0363200-01-intron_1(5),AGPv4-Zm00001d009908@Zm00001d009908_T005-intron_1(5)
Gm02-GLYMA_10G040900@KRH32256-intron_4(7)	AGPv4-Zm00001d034028@Zm00001d034028_T003-intron_3(6)
Gm02-GLYMA_10G296800@KRH36331-intron_6(10)	AGPv4-Zm00001d052701@Zm00001d052701_T001-intron_6(9)
Gm02-GLYMA_10G149200@KRH33852-intron_3(4)	IRGSP-1.0-Os05g0358000@Os05t0358000-02-intron_3(4),AGPv4-Zm00001d037966@Zm00001d037966_T005-intron_3(4)
Gm02-GLYMA_10G149200@KRH33852-intron_3(4)	TAIR10-AT3G05700@AT3G05700.1-intron_3(4)
Gm02-GLYMA_10G044700@KRH32318-intron_6(7)	TAIR10-AT3G53620@AT3G53620.1-intron_6(7)
Gm02-GLYMA_11G125100@KRH29582-intron_10(16)	IRGSP-1.0-Os03g0333100@Os03t0333100-01-intron_11(17)
Gm02-GLYMA_11G208500@KRH30825-intron_8(10)	TAIR10-AT5G63700@AT5G63700.1-intron_8(8),AGPv4-Zm00001d010235@Zm00001d010235_T022-intron_8(16)
Gm02-GLYMA_11G237400@KRH31254-intron_1(7)	TAIR10-AT5G10060@AT5G10060.1-intron_1(6)
Gm02-GLYMA_11G082800@KRH28878-intron_6(13)	TAIR10-AT3G49410@AT3G49410.1-intron_6(13)
Gm02-GLYMA_11G082800@KRH28878-intron_13(13)	TAIR10-AT3G49410@AT3G49410.1-intron_13(13)
Gm02-GLYMA_11G114600@KRH29411-intron_3(10)	BDGP6-FBgn0028969@FBtr0070371-intron_3(7)
Gm02-GLYMA_11G185500@KRH30467-intron_4(10)	UMD3.1-ENSBTAG00000019156@ENSBTAT00000025496-intron_4(15),CanFam3.1-ENSCAFG00000000432@ENSCAFT00000000684-intron_3(14),KH-ENSCING00000005347@ENSCINT00000011040-intron_2(11),Galgal5-ENSGALG00000009975@ENSGALT00000065629-intron_4(15),GRCh38-ENSG00000166226@ENST00000299300-intron_4(15),Mmul_8.0.1-ENSMMUG00000010820@ENSMMUT00000015131-intron_4(15),monDom5-ENSMODG00000020380@ENSMODT00000025941-intron_4(15),GRCm38-ENSMUSG00000034024@ENSMUST00000047672-intron_4(15),Pan_tro_3.0-ENSPTRG00000005210@ENSPTRT00000102226-intron_4(15),Rnor_6.0-ENSRNOG00000021317@ENSRNOT00000037946-intron_4(15),FUGU5-ENSTRUG00000001566@ENSTRUT00000003607-intron_3(13),TETRAODON8-ENSTNIG00000002870@ENSTNIT00000005582-intron_3(13),JGI_4.2-ENSXETG00000001410@ENSXETT00000060225-intron_3(15)
Gm02-GLYMA_11G093600@KRH29041-intron_9(10)	AGPv4-Zm00001d042052@Zm00001d042052_T009-intron_9(10)
Gm02-GLYMA_11G153900@KRH30023-intron_7(9)	TAIR10-AT3G61710@AT3G61710.1-intron_7(9),AGPv4-Zm00001d042303@Zm00001d042303_T001-intron_7(9)
Gm02-GLYMA_11G153900@KRH30023-intron_7(9)	TAIR10-AT3G61710@AT3G61710.1-intron_7(9),IRGSP-1.0-Os01g0681400@Os01t0681400-01-intron_7(9)
Gm02-GLYMA_11G039100@KRH28210-intron_4(4)	IRGSP-1.0-Os10g0564900@Os10t0564900-01-intron_4(4)
Gm02-GLYMA_12G002300@KRH23759-intron_1(27)	TAIR10-AT3G54280@AT3G54280.2-intron_1(29),AGPv4-Zm00001d039160@Zm00001d039160_T031-intron_1(27)
Gm02-GLYMA_12G204400@KRH26949-intron_18(22)	IRGSP-1.0-Os01g0678500@Os01t0678500-01-intron_18(22),AGPv4-Zm00001d011595@Zm00001d011595_T007-intron_19(23)
Gm02-GLYMA_12G205300@KRH26960-intron_8(13)	IRGSP-1.0-Os07g0501900@Os07t0501900-01-intron_8(11)
Gm02-GLYMA_12G205300@KRH26960-intron_8(13)	TAIR10-AT4G28370@AT4G28370.1-intron_8(13)
Gm02-GLYMA_12G087300@KRH25193-intron_4(10)	TAIR10-AT5G20890@AT5G20890.1-intron_4(10),WBcel235-WBGene00000378@T21B10.7.1-intron_2(3),IRGSP-1.0-Os03g0619400@Os03t0619400-01-intron_3(9),AGPv4-Zm00001d040257@Zm00001d040257_T001-intron_3(9)
Gm02-GLYMA_12G020100@KRH24070-intron_9(10)	TAIR10-AT3G21070@AT3G21070.3-intron_9(10),IRGSP-1.0-Os01g0957000@Os01t0957000-01-intron_8(9)
Gm02-GLYMA_12G195700@KRH26824-intron_9(14)	TAIR10-AT3G21820@AT3G21820.1-intron_8(13),IRGSP-1.0-Os04g0629100@Os04t0629100-01-intron_9(14)
Gm02-GLYMA_12G180100@KRH26557-intron_11(11)	IRGSP-1.0-Os03g0684100@Os03t0684100-01-intron_10(10)
Gm02-GLYMA_12G174700@KRH26444-intron_4(6)	TAIR10-AT2G28315@AT2G28315.1-intron_4(6),IRGSP-1.0-Os02g0628200@Os02t0628200-01-intron_4(6)
Gm02-GLYMA_12G174700@KRH26444-intron_4(6)	TAIR10-AT2G28315@AT2G28315.1-intron_4(6),AGPv4-Zm00001d025869@Zm00001d025869_T003-intron_4(6)
Gm02-GLYMA_12G206400@KRH26986-intron_4(7)	AGPv4-Zm00001d017193@Zm00001d017193_T002-intron_4(7)
Gm02-GLYMA_12G009100@KRH23894-intron_4(4)	IRGSP-1.0-Os07g0232200@Os07t0232200-01-intron_4(4),ASM294v2-SPAC1F12.10c@SPAC1F12.10c.1-intron_2(2)
Gm02-GLYMA_12G111700@KRH25560-intron_2(5)	IRGSP-1.0-Os04g0679900@Os04t0679900-01-intron_2(5)
Gm02-GLYMA_13G370300@KRH23646-intron_2(35)	AGPv4-Zm00001d045097@Zm00001d045097_T001-intron_2(35)
Gm02-GLYMA_13G104400@KRH19176-intron_3(9)	TAIR10-AT5G56900@AT5G56900.2-intron_3(9),IRGSP-1.0-Os09g0364000@Os09t0364000-01-intron_3(9)
Gm02-GLYMA_13G259100@KRH21787-intron_3(7)	TAIR10-AT1G78420@AT1G78420.1-intron_3(7),IRGSP-1.0-Os02g0244100@Os02t0244100-01-intron_3(7)
Gm02-GLYMA_13G259100@KRH21787-intron_3(7)	AGPv4-Zm00001d045309@Zm00001d045309_T001-intron_3(7)
Gm02-GLYMA_13G133800@KRH19752-intron_1(6)	IRGSP-1.0-Os03g0280800@Os03t0280800-01-intron_1(6),AGPv4-Zm00001d012433@Zm00001d012433_T002-intron_1(6)
Gm02-GLYMA_13G127800@KRH19640-intron_4(7)	TAIR10-AT1G04130@AT1G04130.1-intron_4(7)
Gm02-GLYMA_13G294500@KRH22342-intron_4(7)	TAIR10-AT5G44200@AT5G44200.1-intron_4(7),IRGSP-1.0-Os02g0612300@Os02t0612300-01-intron_4(7)
Gm02-GLYMA_13G202400@KRH20819-intron_4(10)	TAIR10-AT4G15030@AT4G15030.2-intron_4(11)
Gm02-GLYMA_13G243700@KRH21516-intron_2(5)	TAIR10-AT1G61150@AT1G61150.1-intron_2(5)
Gm02-GLYMA_13G132400@KRH19727-intron_6(7)	IRGSP-1.0-Os05g0114000@Os05t0114000-01-intron_6(7)
Gm02-GLYMA_14G223700@KRH17543-intron_19(26)	TAIR10-AT1G20720@AT1G20720.2-intron_19(28),AGPv4-Zm00001d021430@Zm00001d021430_T013-intron_19(27)
Gm02-GLYMA_14G044900@KRH14730-intron_27(27)	WBcel235-WBGene00004873@Y47D3A.26b-intron_19(19),IRGSP-1.0-Os02g0133300@Os02t0133300-01-intron_4(4)
Gm02-GLYMA_14G223100@KRH17506-intron_2(16)	monDom5-ENSMODG00000015317@ENSMODT00000033269-intron_2(24),FUGU5-ENSTRUG00000006054@ENSTRUT00000014775-intron_2(23)
Gm02-GLYMA_14G223100@KRH17506-intron_2(16)	TAIR10-AT5G42220@AT5G42220.1-intron_2(16)
Gm02-GLYMA_14G022400@KRH14376-intron_7(33)	TAIR10-AT3G20475@AT3G20475.1-intron_7(33),IRGSP-1.0-Os05g0498300@Os05t0498300-01-intron_7(33)
Gm02-GLYMA_14G022400@KRH14376-intron_11(33)	IRGSP-1.0-Os05g0498300@Os05t0498300-01-intron_11(33)
Gm02-GLYMA_14G022400@KRH14376-intron_11(33)	TAIR10-AT3G20475@AT3G20475.1-intron_11(33)
Gm02-GLYMA_14G030600@KRH14510-intron_5(9)	TAIR10-AT2G30880@AT2G30880.1-intron_5(9)
Gm02-GLYMA_14G210700@KRH17282-intron_10(20)	KH-ENSCING00000015045@ENSCINT00000015631-intron_6(10),IRGSP-1.0-Os09g0553200@Os09t0553200-01-intron_10(20),AGPv4-Zm00001d006309@Zm00001d006309_T007-intron_10(20)
Gm02-GLYMA_14G210700@KRH17282-intron_10(20)	TAIR10-AT5G17310@AT5G17310.2-intron_10(18),IRGSP-1.0-Os09g0553200@Os09t0553200-01-intron_10(20)
Gm02-GLYMA_14G085900@KRH15407-intron_3(7)	IRGSP-1.0-Os07g0479200@Os07t0479200-01-intron_3(7)
Gm02-GLYMA_14G061900@KRH14989-intron_2(4)	IRGSP-1.0-Os04g0446300@Os04t0446300-01-intron_2(4)
Gm02-GLYMA_15G166700@KRH12330-intron_10(25)	TAIR10-AT5G57160@AT5G57160.1-intron_10(25)
Gm02-GLYMA_15G166700@KRH12330-intron_20(25)	TAIR10-AT5G57160@AT5G57160.1-intron_19(25),AGPv4-Zm00001d002390@Zm00001d002390_T024-intron_19(25)
Gm02-GLYMA_15G046000@KRH10417-intron_10(18)	AGPv4-Zm00001d028511@Zm00001d028511_T008-intron_10(19)
Gm02-GLYMA_15G046000@KRH10417-intron_17(18)	AGPv4-Zm00001d028511@Zm00001d028511_T008-intron_17(19)
Gm02-GLYMA_15G069400@KRH10790-intron_1(17)	IRGSP-1.0-Os01g0780400@Os01t0780400-02-intron_1(16),AGPv4-Zm00001d012620@Zm00001d012620_T025-intron_1(16)
Gm02-GLYMA_15G069400@KRH10790-intron_1(17)	TAIR10-AT1G61210@AT1G61210.1-intron_1(18)
Gm02-GLYMA_15G055000@KRH10565-intron_19(19)	TAIR10-AT2G14050@AT2G14050.1-intron_18(18)
Gm02-GLYMA_15G181200@KRH12590-intron_2(11)	TAIR10-AT2G40700@AT2G40700.1-intron_2(9),IRGSP-1.0-Os05g0110500@Os05t0110500-02-intron_2(9),AGPv4-Zm00001d010225@Zm00001d010225_T001-intron_2(8)
Gm02-GLYMA_15G124100@KRH11690-intron_3(21)	TAIR10-AT1G79610@AT1G79610.1-intron_3(21),IRGSP-1.0-Os09g0286400@Os09t0286400-01-intron_3(21),AGPv4-Zm00001d019978@Zm00001d019978_T001-intron_3(21)
Gm02-GLYMA_15G124100@KRH11690-intron_10(21)	TAIR10-AT1G79610@AT1G79610.1-intron_10(21),IRGSP-1.0-Os09g0286400@Os09t0286400-01-intron_10(21),AGPv4-Zm00001d019978@Zm00001d019978_T001-intron_10(21)
Gm02-GLYMA_15G124100@KRH11690-intron_15(21)	TAIR10-AT1G79610@AT1G79610.1-intron_15(21),IRGSP-1.0-Os09g0286400@Os09t0286400-01-intron_15(21),AGPv4-Zm00001d019978@Zm00001d019978_T001-intron_15(21)
Gm02-GLYMA_15G124100@KRH11690-intron_15(21)	Amel_4.5-GB40578@GB40578-RA-intron_7(12),TAIR10-AT1G79610@AT1G79610.1-intron_15(21)
Gm02-GLYMA_15G155900@KRH12160-intron_5(12)	TAIR10-AT5G17370@AT5G17370.2-intron_5(11)
Gm02-GLYMA_15G256400@KRH13680-intron_9(14)	TAIR10-AT3G63480@AT3G63480.1-intron_9(14),Galgal5-ENSGALG00000012462@ENSGALT00000020366-intron_7(24),GRCh38-ENSG00000168280@ENST00000435030-intron_7(24),monDom5-ENSMODG00000003526@ENSMODT00000004400-intron_7(24),Pan_tro_3.0-ENSPTRG00000012521@ENSPTRT00000092948-intron_7(24)
Gm02-GLYMA_15G256400@KRH13680-intron_9(14)	TAIR10-AT3G63480@AT3G63480.1-intron_9(14),GRCh38-ENSG00000168280@ENST00000435030-intron_7(24),monDom5-ENSMODG00000003526@ENSMODT00000004400-intron_7(24),IRGSP-1.0-Os08g0117000@Os08t0117000-01-intron_9(15),Pan_tro_3.0-ENSPTRG00000012521@ENSPTRT00000092948-intron_7(24)
Gm02-GLYMA_15G256400@KRH13680-intron_9(14)	UMD3.1-ENSBTAG00000002280@ENSBTAT00000033899-intron_7(24),CanFam3.1-ENSCAFG00000004076@ENSCAFT00000006549-intron_7(24),Mmul_8.0.1-ENSMMUG00000015058@ENSMMUT00000015811-intron_7(24),GRCm38-ENSMUSG00000006740@ENSMUST00000025083-intron_7(24),Rnor_6.0-ENSRNOG00000017466@ENSRNOT00000023861-intron_7(24),JGI_4.2-ENSXETG00000011658@ENSXETT00000025504-intron_7(26)
Gm02-GLYMA_15G256400@KRH13680-intron_9(14)	TAIR10-AT3G63480@AT3G63480.1-intron_9(14),KH-ENSCING00000001680@ENSCINT00000003405-intron_6(22),FUGU5-ENSTRUG00000015920@ENSTRUT00000040844-intron_7(23),TETRAODON8-ENSTNIG00000012002@ENSTNIT00000015165-intron_7(27)
Gm02-GLYMA_15G256400@KRH13680-intron_9(14)	TAIR10-AT3G63480@AT3G63480.1-intron_9(14),IRGSP-1.0-Os08g0117000@Os08t0117000-01-intron_9(15),AGPv4-Zm00001d035091@Zm00001d035091_T001-intron_9(14)
Gm02-GLYMA_15G256400@KRH13680-intron_9(14)	TAIR10-AT3G63480@AT3G63480.1-intron_9(14),WBcel235-WBGene00006840@R05D3.7-intron_4(7),monDom5-ENSMODG00000003526@ENSMODT00000004400-intron_7(24),IRGSP-1.0-Os08g0117000@Os08t0117000-01-intron_9(15)
Gm02-GLYMA_15G256400@KRH13680-intron_9(14)	TAIR10-AT3G63480@AT3G63480.1-intron_9(14),WBcel235-WBGene00006840@R05D3.7-intron_4(7),KH-ENSCING00000001680@ENSCINT00000003405-intron_6(22),BDGP6-FBgn0001308@FBtr0087184-intron_2(3),IRGSP-1.0-Os08g0117000@Os08t0117000-01-intron_9(15)
Gm02-GLYMA_15G256400@KRH13680-intron_9(14)	TAIR10-AT3G63480@AT3G63480.1-intron_9(14),KH-ENSCING00000001680@ENSCINT00000003405-intron_6(22),IRGSP-1.0-Os08g0117000@Os08t0117000-01-intron_9(15),FUGU5-ENSTRUG00000015920@ENSTRUT00000040844-intron_7(23)
Gm02-GLYMA_15G256400@KRH13680-intron_9(14)	WBcel235-WBGene00006840@R05D3.7-intron_4(7),BDGP6-FBgn0001308@FBtr0087184-intron_2(3),IRGSP-1.0-Os08g0117000@Os08t0117000-01-intron_9(15),JGI_4.2-ENSXETG00000011658@ENSXETT00000025504-intron_7(26)
Gm02-GLYMA_15G256400@KRH13680-intron_9(14)	Mmul_8.0.1-ENSMMUG00000015058@ENSMMUT00000015811-intron_7(24),IRGSP-1.0-Os08g0117000@Os08t0117000-01-intron_9(15),JGI_4.2-ENSXETG00000011658@ENSXETT00000025504-intron_7(26)
Gm02-GLYMA_15G256400@KRH13680-intron_9(14)	KH-ENSCING00000001680@ENSCINT00000003405-intron_6(22),GRCz11-ENSDARG00000059818@ENSDART00000090634-intron_7(25)
Gm02-GLYMA_15G256400@KRH13680-intron_9(14)	TAIR10-AT3G63480@AT3G63480.1-intron_9(14),WBcel235-WBGene00006840@R05D3.7-intron_4(7),Galgal5-ENSGALG00000012462@ENSGALT00000020366-intron_7(24),monDom5-ENSMODG00000003526@ENSMODT00000004400-intron_7(24)
Gm02-GLYMA_15G054900@KRH10564-intron_6(9)	AGPv4-Zm00001d011329@Zm00001d011329_T002-intron_7(10)
Gm02-GLYMA_15G097900@KRH11262-intron_4(7)	TAIR10-AT2G39080@AT2G39080.1-intron_5(8)
Gm02-GLYMA_15G209600@KRH12980-intron_4(7)	TAIR10-AT1G53490@AT1G53490.1-intron_4(7),IRGSP-1.0-Os02g0232100@Os02t0232100-01-intron_4(6),AGPv4-Zm00001d016254@Zm00001d016254_T001-intron_4(6)
Gm02-GLYMA_15G191200@KRH12739-intron_3(8)	TAIR10-AT4G20410@AT4G20410.2-intron_3(8),IRGSP-1.0-Os04g0618500@Os04t0618500-01-intron_3(8),AGPv4-Zm00001d026312@Zm00001d026312_T002-intron_3(8)
Gm02-GLYMA_15G157700@KRH12185-intron_2(7)	TAIR10-AT3G17365@AT3G17365.2-intron_2(7),IRGSP-1.0-Os08g0517600@Os08t0517600-01-intron_2(8),AGPv4-Zm00001d031539@Zm00001d031539_T004-intron_2(7)
Gm02-GLYMA_15G070000@KRH10804-intron_2(5)	IRGSP-1.0-Os03g0235100@Os03t0235100-01-intron_1(4),AGPv4-Zm00001d047983@Zm00001d047983_T002-intron_1(4)
Gm02-GLYMA_15G145400@KRH12007-intron_3(4)	TAIR10-AT5G49230@AT5G49230.1-intron_3(4)
Gm02-GLYMA_16G005600@KRH06133-intron_6(15)	TAIR10-AT1G77320@AT1G77320.3-intron_6(15),IRGSP-1.0-Os11g0191300@Os11t0191300-02-intron_6(15),AGPv4-Zm00001d004709@Zm00001d004709_T002-intron_6(15)
Gm02-GLYMA_16G101500@KRH07651-intron_8(17)	IRGSP-1.0-Os02g0702500@Os02t0702500-01-intron_8(17),AGPv4-Zm00001d017754@Zm00001d017754_T031-intron_8(17)
Gm02-GLYMA_16G101500@KRH07651-intron_8(17)	TAIR10-AT5G35980@AT5G35980.1-intron_8(17),IRGSP-1.0-Os02g0702500@Os02t0702500-01-intron_8(17)
Gm02-GLYMA_16G208800@KRH09302-intron_5(6)	TAIR10-AT5G08430@AT5G08430.1-intron_5(6)
Gm02-GLYMA_16G052700@KRH06896-intron_1(6)	TAIR10-AT3G26990@AT3G26990.1-intron_1(6)
Gm02-GLYMA_16G028800@KRH06532-intron_3(8)	AGPv4-Zm00001d027512@Zm00001d027512_T002-intron_3(8)
Gm02-GLYMA_16G022700@KRH06440-intron_1(2)	UMD3.1-ENSBTAG00000013855@ENSBTAT00000018402-intron_1(2),CanFam3.1-ENSCAFG00000031622@ENSCAFT00000046506-intron_1(2),GRCz11-ENSDARG00000025555@ENSDART00000038310-intron_1(2),BDGP6-FBgn0037110@FBtr0078423-intron_1(2),GRCh38-ENSG00000172057@ENST00000304046-intron_1(2),Mmul_8.0.1-ENSMMUG00000004586@ENSMMUT00000006483-intron_1(2),monDom5-ENSMODG00000012915@ENSMODT00000016462-intron_1(2),GRCm38-ENSMUSG00000038150@ENSMUST00000052919-intron_1(2),Pan_tro_3.0-ENSPTRG00000009107@ENSPTRT00000016776-intron_1(2),Rnor_6.0-ENSRNOG00000030445@ENSRNOT00000049621-intron_2(3)
Gm02-GLYMA_16G022700@KRH06440-intron_1(2)	AgamP4-AGAP010566@AGAP010566-RA-intron_1(2),UMD3.1-ENSBTAG00000013855@ENSBTAT00000018402-intron_1(2),GRCz11-ENSDARG00000025555@ENSDART00000038310-intron_1(2),BDGP6-FBgn0037110@FBtr0078423-intron_1(2),GRCh38-ENSG00000172057@ENST00000304046-intron_1(2),Mmul_8.0.1-ENSMMUG00000004586@ENSMMUT00000006483-intron_1(2),monDom5-ENSMODG00000012915@ENSMODT00000016462-intron_1(2),GRCm38-ENSMUSG00000038150@ENSMUST00000052919-intron_1(2),Pan_tro_3.0-ENSPTRG00000009107@ENSPTRT00000016776-intron_1(2),Rnor_6.0-ENSRNOG00000030445@ENSRNOT00000049621-intron_2(3)
Gm02-GLYMA_16G022700@KRH06440-intron_1(2)	AgamP4-AGAP010566@AGAP010566-RA-intron_1(2),BDGP6-FBgn0037110@FBtr0078423-intron_1(2),TETRAODON8-ENSTNIG00000012536@ENSTNIT00000015711-intron_1(2)
Gm02-GLYMA_16G022700@KRH06440-intron_1(2)	Galgal5-ENSGALG00000036257@ENSGALT00000057898-intron_1(2)
Gm02-GLYMA_16G022700@KRH06440-intron_1(2)	FUGU5-ENSTRUG00000020522@ENSTRUT00000053716-intron_1(2),TETRAODON8-ENSTNIG00000012536@ENSTNIT00000015711-intron_1(2),JGI_4.2-ENSXETG00000024658@ENSXETT00000053130-intron_1(2)
Gm02-GLYMA_17G061200@KRH02827-intron_1(21)	IRGSP-1.0-Os08g0240800@Os08t0240800-01-intron_1(21),AGPv4-Zm00001d006533@Zm00001d006533_T007-intron_1(21)
Gm02-GLYMA_17G261600@KRH06004-intron_2(16)	Amel_4.5-GB41519@GB41519-RA-intron_4(22),UMD3.1-ENSBTAG00000019685@ENSBTAT00000035789-intron_2(23),GRCz11-ENSDARG00000075892@ENSDART00000110964-intron_2(23),GRCh38-ENSG00000204463@ENST00000375964-intron_2(23),Mmul_8.0.1-ENSMMUG00000005302@ENSMMUT00000075579-intron_2(24),GRCm38-ENSMUSG00000024392@ENSMUST00000025250-intron_2(23),Pan_tro_3.0-ENSPTRG00000051839@ENSPTRT00000096180-intron_2(24),Rnor_6.0-ENSRNOG00000000851@ENSRNOT00000060832-intron_2(23)
Gm02-GLYMA_17G261600@KRH06004-intron_2(16)	IRGSP-1.0-Os07g0498800@Os07t0498800-01-intron_2(13)
Gm02-GLYMA_17G151100@KRH04278-intron_11(16)	TAIR10-AT5G47040@AT5G47040.1-intron_11(16)
Gm02-GLYMA_17G106000@KRH03570-intron_2(14)	TAIR10-AT5G25270@AT5G25270.1-intron_2(14),AGPv4-Zm00001d001962@Zm00001d001962_T014-intron_2(14)
Gm02-GLYMA_17G106000@KRH03570-intron_2(14)	CanFam3.1-ENSCAFG00000000575@ENSCAFT00000043742-intron_3(25)
Gm02-GLYMA_17G190500@KRH04832-intron_2(9)	FUGU5-ENSTRUG00000004996@ENSTRUT00000012020-intron_2(10)
Gm02-GLYMA_17G152900@KRH04302-intron_2(5)	IRGSP-1.0-Os08g0282000@Os08t0282000-01-intron_2(5)
Gm02-GLYMA_17G149300@KRH04249-intron_4(4)	IRGSP-1.0-Os07g0495100@Os07t0495100-01-intron_4(4)
Gm02-GLYMA_17G087400@KRH03256-intron_2(5)	TAIR10-AT5G63060@AT5G63060.1-intron_2(5),IRGSP-1.0-Os02g0321500@Os02t0321500-01-intron_2(5),AGPv4-Zm00001d045574@Zm00001d045574_T002-intron_2(11)
Gm02-GLYMA_17G238800@KRH05632-intron_3(7)	TAIR10-AT4G07390@AT4G07390.1-intron_3(7)
Gm02-GLYMA_17G169500@KRH04552-intron_3(6)	KH-ENSCING00000005595@ENSCINT00000011586-intron_2(2),GRCz11-ENSDARG00000040557@ENSDART00000059352-intron_3(5)
Gm02-GLYMA_17G036700@KRH02404-intron_3(3)	AGPv4-Zm00001d009496@Zm00001d009496_T001-intron_3(3)
Gm02-GLYMA_18G073500@KRG98432-intron_11(16)	TAIR10-AT3G44730@AT3G44730.2-intron_11(16)
Gm02-GLYMA_18G052100@KRG98129-intron_6(13)	TAIR10-AT2G30470@AT2G30470.1-intron_4(11)
Gm02-GLYMA_18G243900@KRH00948-intron_2(12)	IRGSP-1.0-Os03g0843500@Os03t0843500-01-intron_2(9)
Gm02-GLYMA_18G299800@KRH01811-intron_6(10)	GRCz11-ENSDARG00000090686@ENSDART00000171092-intron_5(7),FUGU5-ENSTRUG00000005526@ENSTRUT00000013344-intron_5(8)
Gm02-GLYMA_18G299800@KRH01811-intron_6(10)	TAIR10-AT3G59340@AT3G59340.2-intron_7(11),CanFam3.1-ENSCAFG00000000932@ENSCAFT00000001439-intron_4(6)
Gm02-GLYMA_18G299800@KRH01811-intron_6(10)	CanFam3.1-ENSCAFG00000000932@ENSCAFT00000001439-intron_4(6),Galgal5-ENSGALG00000029011@ENSGALT00000043188-intron_5(7),monDom5-ENSMODG00000017795@ENSMODT00000022577-intron_5(7)
Gm02-GLYMA_18G230900@KRH00709-intron_3(6)	TAIR10-AT3G46210@AT3G46210.1-intron_4(7),IRGSP-1.0-Os03g0854200@Os03t0854200-01-intron_3(6)
Gm02-GLYMA_19G186900@KRG96062-intron_36(50)	TAIR10-AT2G36810@AT2G36810.1-intron_36(50)
Gm02-GLYMA_19G250600@KRG97079-intron_9(29)	TAIR10-AT5G18410@AT5G18410.1-intron_9(29)
Gm02-GLYMA_19G250600@KRG97079-intron_11(29)	TAIR10-AT5G18410@AT5G18410.1-intron_11(29)
Gm02-GLYMA_19G208700@KRG96407-intron_10(12)	TAIR10-AT4G02560@AT4G02560.1-intron_10(12)
Gm02-GLYMA_19G213600@KRG96486-intron_13(18)	IRGSP-1.0-Os12g0547500@Os12t0547500-01-intron_12(17),AGPv4-Zm00001d023841@Zm00001d023841_T008-intron_12(17)
Gm02-GLYMA_19G138700@KRG95248-intron_1(22)	IRGSP-1.0-Os03g0356700@Os03t0356700-01-intron_1(22)
Gm02-GLYMA_19G125800@KRG95040-intron_4(21)	TAIR10-AT2G40840@AT2G40840.1-intron_4(21),IRGSP-1.0-Os07g0662900@Os07t0662900-01-intron_4(21)
Gm02-GLYMA_19G000400@KRG93160-intron_1(17)	monDom5-ENSMODG00000014037@ENSMODT00000017877-intron_1(17),IRGSP-1.0-Os04g0677700@Os04t0677700-00-intron_1(16),JGI_4.2-ENSXETG00000025041@ENSXETT00000053740-intron_1(18)
Gm02-GLYMA_19G000400@KRG93160-intron_1(17)	CanFam3.1-ENSCAFG00000008657@ENSCAFT00000013754-intron_1(12),monDom5-ENSMODG00000014037@ENSMODT00000017877-intron_1(17),IRGSP-1.0-Os04g0677700@Os04t0677700-00-intron_1(16)
Gm02-GLYMA_19G000400@KRG93160-intron_1(17)	Amel_4.5-GB45009@GB45009-RA-intron_1(14),UMD3.1-ENSBTAG00000001848@ENSBTAT00000053556-intron_1(18),GRCz11-ENSDARG00000005456@ENSDART00000014632-intron_1(17),GRCh38-ENSG00000140854@ENST00000379661-intron_1(18),Mmul_8.0.1-ENSMMUG00000015695@ENSMMUT00000022028-intron_1(18),monDom5-ENSMODG00000014037@ENSMODT00000017877-intron_1(17),GRCm38-ENSMUSG00000031787@ENSMUST00000034239-intron_1(18),Pan_tro_3.0-ENSPTRG00000008166@ENSPTRT00000015060-intron_1(18),TETRAODON8-ENSTNIG00000002551@ENSTNIT00000005248-intron_1(18),JGI_4.2-ENSXETG00000025041@ENSXETT00000053740-intron_1(18)
Gm02-GLYMA_19G000400@KRG93160-intron_1(17)	UMD3.1-ENSBTAG00000001848@ENSBTAT00000053556-intron_1(18),CanFam3.1-ENSCAFG00000008657@ENSCAFT00000013754-intron_1(12),GRCh38-ENSG00000140854@ENST00000379661-intron_1(18),Mmul_8.0.1-ENSMMUG00000015695@ENSMMUT00000022028-intron_1(18),monDom5-ENSMODG00000014037@ENSMODT00000017877-intron_1(17),GRCm38-ENSMUSG00000031787@ENSMUST00000034239-intron_1(18),Pan_tro_3.0-ENSPTRG00000008166@ENSPTRT00000015060-intron_1(18)
Gm02-GLYMA_19G000400@KRG93160-intron_1(17)	Amel_4.5-GB45009@GB45009-RA-intron_1(14),TAIR10-AT5G08390@AT5G08390.1-intron_1(17),GRCh38-ENSG00000140854@ENST00000379661-intron_1(18),Mmul_8.0.1-ENSMMUG00000015695@ENSMMUT00000022028-intron_1(18),GRCm38-ENSMUSG00000031787@ENSMUST00000034239-intron_1(18),Pan_tro_3.0-ENSPTRG00000008166@ENSPTRT00000015060-intron_1(18),JGI_4.2-ENSXETG00000025041@ENSXETT00000053740-intron_1(18)
Gm02-GLYMA_19G000400@KRG93160-intron_1(17)	Amel_4.5-GB45009@GB45009-RA-intron_1(14),monDom5-ENSMODG00000014037@ENSMODT00000017877-intron_1(17),AGPv4-Zm00001d026621@Zm00001d026621_T006-intron_1(17)
Gm02-GLYMA_19G000400@KRG93160-intron_1(17)	CanFam3.1-ENSCAFG00000008657@ENSCAFT00000013754-intron_1(12),monDom5-ENSMODG00000014037@ENSMODT00000017877-intron_1(17),AGPv4-Zm00001d026621@Zm00001d026621_T006-intron_1(17)
Gm02-GLYMA_19G237800@KRG96870-intron_6(11)	TAIR10-AT5G27380@AT5G27380.1-intron_6(11)
Gm02-GLYMA_19G096700@KRG94593-intron_1(6)	IRGSP-1.0-Os01g0925000@Os01t0925000-01-intron_1(6)
Gm02-GLYMA_19G125000@KRG95023-intron_6(13)	TAIR10-AT3G56900@AT3G56900.1-intron_6(13)
Gm02-GLYMA_20G181900@KRG91942-intron_8(11)	IRGSP-1.0-Os02g0101000@Os02t0101000-01-intron_8(11)
Gm02-GLYMA_20G021900@KRG89406-intron_10(15)	Amel_4.5-GB42525@GB42525-RA-intron_2(2),TAIR10-AT5G22480@AT5G22480.1-intron_10(15)
Gm02-GLYMA_20G230500@KRG92800-intron_1(7)	AGPv4-Zm00001d033021@Zm00001d033021_T001-intron_1(4)
Gm02-GLYMA_20G242800@KRG92996-intron_6(7)	KH-ENSCING00000001277@ENSCINT00000002499-intron_6(7)
Gm02-GLYMA_20G078900@KRG90268-intron_2(11)	TAIR10-AT2G33205@AT2G33205.5-intron_2(11),IRGSP-1.0-Os04g0506300@Os04t0506300-01-intron_2(11),AGPv4-Zm00001d003099@Zm00001d003099_T003-intron_2(11)
Gm02-GLYMA_20G123000@KRG90938-intron_10(15)	UMD3.1-ENSBTAG00000015291@ENSBTAT00000020335-intron_8(12),GRCh38-ENSG00000115947@ENST00000264169-intron_8(12),Mmul_8.0.1-ENSMMUG00000000043@ENSMMUT00000000063-intron_8(12),Pan_tro_3.0-ENSPTRG00000012515@ENSPTRT00000023215-intron_8(12)
Gm02-GLYMA_20G070200@KRG90131-intron_6(9)	IRGSP-1.0-Os08g0143700@Os08t0143700-01-intron_6(9)
Gm02-GLYMA_U034000@KRG88695-intron_20(26)	TAIR10-AT5G60040@AT5G60040.2-intron_20(27),IRGSP-1.0-Os04g0492300@Os04t0492300-01-intron_20(26),AGPv4-Zm00001d003203@Zm00001d003203_T003-intron_20(26)
